Algorithm,Problem,Population,Crossover,Mutation,Time
nsgaii,ZDT1,100,0.9999464691930013,0.07586967077075592,21222.839813947678
nsgaii,ZDT2,100,0.9917254235394408,0.00013967369462327553,21584.45586705208
nsgaii,ZDT3,100,0.12396609247214169,0.12623382809133074,25875.768764019012
nsgaii,ZDT4,1000,0.9761556492802099,0.004975758215713765,76374.9870095253
nsgaii,ZDT6,1000,0.9719016269821108,0.0043385149414192576,80154.91706514359

